Откройте (тип бизнеса) ОТЕЛЬ.....,Откройте коворкинг по франшизе Indagate с окупаемостью от 6 месяцев и чистой прибылью от 2 000 000 Р в год,,,,
Название,Коворкинг,,,,
Ссылка на заглавную фотку,https://yadi.sk/i/900gMMig3NFpfy,,,,
Год сонования,2012,,,,
год запуска,2015,,,,
франшизных прдприятий,3,,,,
собственных придеприятий,6,,,,
Описание,Коворкинг – это новый, социально- ориентированный формат заведения.Франшиза коворкингов даст вам возможность монетизировать каждый сантиметр недвижимости.Вы можете получать прибыль за почасовую аренду рабочих пространств, за абонементы на месяц, а также за счет проведения профессиональных и развлекательных мероприятий.,,,,
Навыки через точку-запятую,,,,,
срок окупаемости,6,,,,
прибыль в месяц,600000,,,,
паушильный взнос,1000000,,,,
роялти,3,,,,
цена над кнопкой оформить,1000000,,,,
Нами успешно открыто: ,12 комнат,Постскриптум,Белый лист,Заведение 4,Заведение 5
Окупаемость,2,6,5,,
Прибыль в месяц,1000000,760000,850000,,
Текст который идет после списка открытых франшиз,Уникальный формат, в одном креативном пространстве одновременно проводят досуг поклонники фильмов Тарантино и йоги, проходят мастер-классы по гончарному мастерству и английскому языку. 12 комнат - живой пример высокой рентабельности и успешности бизнес-модели, которую мы предлагаем, только за 5 дней сентября 2017 года заведение принесло 400 000 рублей чистой прибыли… Это пожалуй самая успешная модель,Креативное пространство в самом сердце Санкт-Петербурга. ,Униакальное креативное пространство, которое сочетает в себе возможности полноценного коворкинга, зон отдыха и развлечений. ,,
Ссылки на картинки перед отзвом владельца(одна ссылка на столбик),,,,,
Имя владельца(отзыв),,,,,
ДОлжность владельца(отзыв),,,,,
Текст отзыва,,,,,
Форматы франшизы:(диапазон без единиц измерения через тире),Тариф1,Тариф2,Тариф3,,
Франшиза,,,,,
бджет открытия,,,,,
помещение,,,,,
оборудование,,,,,
выручка,,,,,
роялти,,,,,
цена ,,,,,
Этапы запуска(через точку-запятую),,,,,
Чтовы получаете,,,,,
Название преимущества,Прибыль,Надежного партнера,Бизнес под ключ,,
Краткое описание преимущества,Сверхприбыльный бизнес в сфере недвижимости на почасовой аренде офисных помещений - 46% рентабельности. ,Ни один из наших проектов не закрылся с момента открфтия - 2012 года,наша бизнес модель дает возможность нашим франчайзи получать стабильно высокий ПАССИВНЫЙ доход,,,
Похожие франшизы(названия через точку-запятую),,,,,
Сфера деятельности,заведения,,,,
Инвест проект (да/нет) - херня из каталога франшиз,1,,,,
Айди,4,,,,