Откройте (тип бизнеса) ОТЕЛЬ.....,Откройте высокомаржинальный бизнес Тайных покупателей  по франшизе Indagate с окепаемостью от 1 месяца и чистой прибылью до 1 700 000 в год,,,,
Название,Франшиза Тайных покупателей,,,,
Ссылка на заглавную фотку,https://yadi.sk/i/o0ZXBz-B3NFpDr,,,,
Год сонования,2008,,,,
год запуска,2014,,,,
франшизных прдприятий,3,,,,
собственных придеприятий,1,,,,
Описание,«Ешь, критикуй и зарабатывай деньги!» - так описывают франшизу наши партнёры, ведь им уже посчастливилось заработать на собственном агентстве Тайных покупателей, которое они открыли с помощью Indagate. В пакет франшзы входит: полная подготовка тайных покупателей, проведение исследования; комплексное обучение франчайзи; детальный анализ результатов проводимых проверок и подготовка развёрнутых отчётов ; развитие бренда и внедрение новых продуктов.https://www.youtube.com/watch?v=Zsu9GMzTnPU,,,,
Навыки через точку-запятую,,,,,
срок окупаемости,1,,,,
прибыль в месяц,140000,,,,
паушильный взнос,190000,,,,
роялти,10000,,,,
цена над кнопкой оформить,190000,,,,
Нами успешно открыто: ,Заведение 1,Заведение 2,Заведение 3,Заведение 4,Заведение 5
Окупаемость,,,,,
Прибыль в месяц,,,,,
Текст который идет после списка открытых франшиз,,,,,
Ссылки на картинки перед отзвом владельца(одна ссылка на столбик),,,,,
Имя владельца(отзыв),,,,,
ДОлжность владельца(отзыв),,,,,
Текст отзыва,,,,,
Форматы франшизы:(диапазон без единиц измерения через тире),Тариф1,Тариф2,Тариф3,,
Франшиза,,,,,
бджет открытия,,,,,
помещение,,,,,
оборудование,,,,,
выручка,,,,,
роялти,,,,,
цена ,,,,,
Этапы запуска(через точку-запятую),,,,,
Чтовы получаете,,,,,
Название преимущества,высокий доход,бизнес под ключ,роялти только от прибыли,быстрая окупаемость,
Краткое описание преимущества,Поразительно маржинальный проект - доходность составляет от 1,7 млн рублей в год,Мы выполняем 70% работы – вы лишь заключаете договор и общаетесь с клиентом.,Всего за 30% от каждого контракта переводится управляющей компании, которая обеспечивает его исполнение под ключ,Франшиза окупается с первой сделки,
Похожие франшизы(названия через точку-запятую),,,,,,,,
Сфера деятельности,,,,,
Инвест проект (да/нет) - херня из каталога франшиз,,,,,
Айди,4,,,,